method,replicate,initialization_seed,paper_row,hidden,layers,parameters,training_rmse1,training_rmse2,training_bfr1,training_bfr2,test_rmse1,test_rmse2,test_bfr1,test_bfr2,mean_test_bfr,training_seconds,epochs,seconds_per_epoch,learning_rate,regularization,horizon,batch_size,windows,monitor_every,minimum_epochs,fit_patience,fit_min_delta,stop_reason
NNOE_ADAM,1,1003,3,10,1,172,0.47593808,0.29055095,81.19141,87.787315,0.5782697,0.59139,71.31532,62.352795,66.83406,48.149198917,1170,0.04115316146752137,0.003,0.001,512,64,374,10,200,10,0.01,training FIT stabilized
NNOE_ADAM,1,1004,4,15,1,257,0.45097363,0.23243022,82.17798,90.23029,0.70631313,1.3035886,64.96382,17.015053,40.989437,57.604406749999995,1350,0.04266993092592592,0.003,0.001,512,64,374,10,200,10,0.01,training FIT stabilized
NNOE_ADAM,1,1006,6,5x5,2,117,0.5070797,0.32868615,79.960724,86.18438,0.41711628,0.34583324,79.30923,77.98466,78.64694,59.76101945800001,1180,0.050644931744067805,0.003,0.001,512,64,374,10,200,10,0.01,training FIT stabilized
NNOE_ADAM,1,1007,7,7x7,2,177,0.46880344,0.2743041,81.473366,88.470215,0.6124451,0.5596526,69.62007,64.37316,66.99661,61.662623457999985,1140,0.05409002057719297,0.003,0.001,512,64,374,10,200,10,0.01,training FIT stabilized
NNOE_ADAM,1,1010,10,5x5x5,3,147,0.4173722,0.2826108,83.50587,88.12106,0.9878337,0.88212144,50.999176,43.845165,47.422173,88.299925125,1560,0.05660251610576923,0.001,0.001,512,64,374,10,200,10,0.01,training FIT stabilized
LSTM,1,1003,3,4,1,122,0.36546376,0.16337647,85.55724,93.13282,0.30011263,0.29351723,85.11312,81.315025,83.21407,568.411373875,1600,0.355257108671875,0.003,0.001,512,64,374,10,200,10,0.01,training FIT stabilized
LSTM,1,1004,4,5,1,172,0.3328946,0.1261967,86.84434,94.695595,0.23965758,0.24909091,88.111946,84.14316,86.12755,561.288215459,1390,0.4038044715532374,0.003,0.001,512,64,374,10,200,10,0.01,training FIT stabilized
LSTM,1,1006,6,2x2,2,86,0.47045356,0.27151954,81.40815,88.58726,0.5499545,0.50389975,72.71989,67.922325,70.321106,905.5580552079998,1940,0.46678250268453597,0.003,0.001,512,64,374,10,200,10,0.01,training FIT stabilized
LSTM,1,1007,7,3x3,2,164,0.34783524,0.11688796,86.25391,95.08687,0.26115882,0.24486047,87.045395,84.41247,85.72893,1268.66367375,2710,0.4681415770295203,0.003,0.001,512,64,374,10,200,10,0.01,training FIT stabilized
LSTM,1,1010,10,2x2x2,3,126,0.48770463,0.3307591,80.7264,86.09725,0.43901506,0.63006246,78.22295,59.89095,69.05695,819.8763594170002,1240,0.6611906124330647,0.003,0.001,512,64,374,10,200,10,0.01,training FIT stabilized
GRU,1,1003,3,5,1,147,0.34526807,0.13357347,86.355354,94.38553,0.281122,0.3069234,86.05514,80.46161,83.25838,611.9065758750003,1300,0.4706973660576925,0.003,0.001,512,64,374,10,200,10,0.01,training FIT stabilized
GRU,1,1004,4,7,1,247,0.31447875,0.08021849,87.57211,96.62819,0.21249297,0.31269208,89.459435,80.09438,84.77691,724.0273119580002,1390,0.5208829582431656,0.003,0.001,512,64,374,10,200,10,0.01,training FIT stabilized
GRU,1,1006,6,3x3,2,143,0.42118892,0.19858965,83.35504,91.65271,0.31963626,0.27319807,84.14466,82.60853,83.376595,750.3756566250004,1200,0.6253130471875004,0.003,0.001,512,64,374,10,200,10,0.01,training FIT stabilized
GRU,1,1007,7,4x4,2,226,0.31914505,0.08902359,87.38771,96.25809,0.16282575,0.14660273,91.92314,90.667435,91.29529,1107.4377120420004,1560,0.7098959692576926,0.003,0.001,512,64,374,10,200,10,0.01,training FIT stabilized
GRU,1,1010,10,2x2x2,3,114,0.40902612,0.23604731,83.83569,90.07826,0.23699884,0.2633748,88.24383,83.233864,85.738846,1092.22598775,1230,0.8879886079268293,0.003,0.001,512,64,374,10,200,10,0.01,training FIT stabilized
NNOE_ADAM,2,2003,3,10,1,172,0.48213285,0.2793072,80.946594,88.259926,0.8930063,1.1513606,55.70302,26.705711,41.204365,57.47231741700034,1550,0.03707891446258087,0.003,0.001,512,64,374,10,200,10,0.01,training FIT stabilized
NNOE_ADAM,2,2004,4,15,1,257,0.45967627,0.26139307,81.83405,89.0129,0.6689843,0.8120214,66.81549,48.307655,57.561573,49.886238958999456,1160,0.04300537841293057,0.003,0.001,512,64,374,10,200,10,0.01,training FIT stabilized
NNOE_ADAM,2,2006,6,5x5,2,117,0.48223525,0.26215273,80.94255,88.98097,0.38352662,0.3452894,80.97542,78.01927,79.497345,101.34785345799992,2510,0.04037763085976093,0.003,0.001,512,64,374,10,200,10,0.01,training FIT stabilized
NNOE_ADAM,2,2007,7,7x7,2,177,0.46404478,0.24480723,81.661415,89.71005,0.49143243,0.60857767,75.622826,61.25865,68.440735,84.00181975000032,1820,0.046154846016483696,0.003,0.001,512,64,374,10,200,10,0.01,training FIT stabilized
NNOE_ADAM,2,2010,10,5x5x5,3,147,0.50219715,0.31028637,80.15367,86.95778,0.9393795,1.005178,53.40271,36.011536,44.707123,95.3547951670007,1790,0.05327083528882721,0.001,0.001,512,64,374,10,200,10,0.01,training FIT stabilized
LSTM,2,2003,3,4,1,122,0.3684397,0.15406607,85.43964,93.52416,0.27292946,0.24351813,86.46152,84.49792,85.47972,933.3471422500006,2680,0.3482638590485077,0.003,0.001,512,64,374,10,200,10,0.01,training FIT stabilized
LSTM,2,2004,4,5,1,172,0.3237898,0.11447378,87.204155,95.18834,0.40803933,0.63738745,79.75948,59.424652,69.59207,648.7260288750003,1680,0.38614644575892876,0.003,0.001,512,64,374,10,200,10,0.01,training FIT stabilized
LSTM,2,2006,6,2x2,2,86,0.4464937,0.31287402,82.35503,86.84901,0.29023275,0.31360635,85.6032,80.03618,82.81969,828.9160874589998,1810,0.4579646892038673,0.003,0.001,512,64,374,10,200,10,0.01,training FIT stabilized
LSTM,2,2007,7,3x3,2,164,0.33817703,0.12226762,86.63558,94.86075,0.36303762,0.22644362,81.99177,85.58486,83.788315,949.1620012499989,2010,0.47221990111940243,0.003,0.001,512,64,374,10,200,10,0.01,training FIT stabilized
LSTM,2,2010,10,2x2x2,3,126,0.42441952,0.24891335,83.22737,89.53746,0.32263625,0.33001673,83.99585,78.991516,81.49368,1271.162845290999,1920,0.6620639819223954,0.003,0.001,512,64,374,10,200,10,0.01,training FIT stabilized
GRU,2,2003,3,5,1,147,0.3294948,0.09325037,86.9787,96.08042,0.20297968,0.1892393,89.931335,87.95325,88.94229,474.77302470799987,1000,0.47477302470799987,0.003,0.001,512,64,374,10,200,10,0.01,training FIT stabilized
GRU,2,2004,4,7,1,247,0.3081283,0.052301038,87.82308,97.801636,0.17812039,0.1725047,91.16446,89.01855,90.09151,504.74750770799983,1000,0.5047475077079998,0.003,0.001,512,64,374,10,200,10,0.01,training FIT stabilized
GRU,2,2006,6,3x3,2,143,0.35468498,0.14737152,85.98321,93.80555,0.33749264,0.3327821,83.2589,78.815475,81.037186,1409.8643487910012,2260,0.6238337826508855,0.003,0.001,512,64,374,10,200,10,0.01,training FIT stabilized
GRU,2,2007,7,4x4,2,226,0.32412818,0.07408437,87.19078,96.886024,0.17809801,0.24043481,91.165565,84.6942,87.929886,1390.3431887079987,1960,0.7093587697489789,0.003,0.001,512,64,374,10,200,10,0.01,training FIT stabilized
GRU,2,2010,10,2x2x2,3,114,0.5013684,0.28914696,80.186424,87.84633,0.4115961,0.31879073,79.58305,79.706154,79.64461,1243.5057458749998,1400,0.8882183899107141,0.003,0.001,512,64,374,10,200,10,0.01,training FIT stabilized
NNOE_ADAM,3,3003,3,10,1,172,0.49520603,0.2855772,80.42996,87.996376,0.45659924,0.4595174,77.3507,70.74765,74.04918,55.08488258299985,1410,0.03906729261205663,0.003,0.001,512,64,374,10,200,10,0.01,training FIT stabilized
NNOE_ADAM,3,3004,4,15,1,257,0.4634327,0.28238124,81.68561,88.13071,0.57659197,1.0883858,71.398544,30.714613,51.05658,42.84222829200007,950,0.045097082412631655,0.003,0.001,512,64,374,10,200,10,0.01,training FIT stabilized
NNOE_ADAM,3,3006,6,5x5,2,117,0.8151132,1.3607981,67.78755,42.80177,0.8386137,0.8909872,58.40114,43.280785,50.84096,27.02615958399838,290,0.09319365373792544,0.003,0.001,512,64,374,10,200,10,0.01,training FIT stabilized
NNOE_ADAM,3,3007,7,7x7,2,177,0.49060136,0.27906376,80.61193,88.27015,0.6609587,0.5813053,67.21359,62.994774,65.10419,79.48108875000253,1650,0.04817035681818335,0.003,0.001,512,64,374,10,200,10,0.01,training FIT stabilized
