method,replicate,initializationSeed,paperRow,hidden,layers,parameters,trainingRMSE1,trainingRMSE2,trainingBFR1,trainingBFR2,testRMSE1,testRMSE2,testBFR1,testBFR2,meanTestBFR,trainingSeconds,iterations,secondsPerIteration,stepSize,gain,regularization,monitorEvery,fitPatience,stopReason
FL-CMO,1,1003,3,10,1,172,0.0305609768428338,0.0291135357992689,98.7922609928204,98.7762749048131,0.102983237917207,0.0734110897714076,94.8915857998364,95.3267346775853,95.1091602387108,172.032080833333,1100,0.156392800757576,0.01,1,0.001,10,10,training FIT stabilized
FL-CMO,1,1004,4,15,1,257,0.876340862623729,1.31705471536374,65.3678922365893,44.6404271182551,0.299399835288765,0.586234913286967,85.1484726927563,62.6809614244438,73.9147170586,102.921496333333,480,0.214419784027778,0.01,1,0.001,10,10,training FIT stabilized
FL-CMO,1,1006,6,5x5,2,117,0.225156696419874,0.0767138741475619,91.1020342578563,96.7754966765067,0.0969879990439211,0.130921870810517,95.188975588826,91.6656646739667,93.4273201313963,78.46170625,620,0.126551139112903,0.01,1,0.001,10,10,training FIT stabilized
FL-CMO,1,1007,7,7x7,2,177,0.459838473974091,0.27699595678641,81.8276469081292,88.3570684810684,0.48731031848188,0.29544930401124,75.8272996541396,81.1920379977106,78.5096688259251,70.0337005416667,440,0.159167501231061,0.01,1,0.001,10,10,training FIT stabilized
FL-CMO,1,1010,10,5x5x5,3,147,0.0943314086446337,0.0829153074589555,96.2721177923002,96.5148327151931,0.13658268172267,0.162585330302961,93.2249080052285,89.6500053547209,91.4374566799747,142.181758166667,970,0.146579132130584,0.01,1,0.001,10,10,training FIT stabilized
FL-CMO,2,2003,3,10,1,172,0.291524266600176,0.228960156174024,88.479254765869,90.3761504325726,0.647577198343643,0.508370026031548,67.8773689522137,67.637750358889,67.7575596555513,76.7818105,490,0.15669757244898,0.01,1,0.001,10,10,training FIT stabilized
FL-CMO,2,2004,4,15,1,257,0.254305602705342,0.137828583173481,89.9500988560978,94.2066708342693,0.212078661915038,0.146931812296308,89.4799807231788,90.6464902605039,90.0632354918414,115.641879708333,540,0.214151629089506,0.01,1,0.001,10,10,training FIT stabilized
FL-CMO,2,2006,6,5x5,2,117,0.224168151820562,0.0834903400358288,91.1411005442209,96.4906624529577,0.289121028121549,0.433961384164165,85.6583460037505,72.3745186974276,79.0164323505891,78.4683030416667,620,0.126561779099462,0.01,1,0.001,10,10,training FIT stabilized
FL-CMO,2,2007,7,7x7,2,177,1.07715357170705,1.07426979509512,57.4319763414727,54.8453710218098,0.97168987954448,0.750582020216249,51.7999775574067,52.2188141106882,52.0093958340475,44.5701864583333,280,0.15917923735119,0.01,1,0.001,10,10,training FIT stabilized
FL-CMO,2,2010,10,5x5x5,3,147,0.211826218844359,0.122087286057967,91.6288412979283,94.8683225293386,0.123286531957807,0.149110053087828,93.8844545648438,90.5078259635076,92.1961402641757,91.0670139583333,620,0.146882280577957,0.01,1,0.001,10,10,training FIT stabilized
FL-CMO,3,3003,3,10,1,172,0.138581806824329,0.0412490522721221,94.5233866493237,98.2661844728821,0.265162887174457,0.158640589723757,86.8467734595083,89.9011229911995,88.3739482253539,526.625384875,3460,0.152203868460983,0.01,1,0.001,10,10,training FIT stabilized
FL-CMO,3,3004,4,15,1,257,0.428218570623204,0.33335655728165,83.07723362378,85.988071404198,0.375612437964558,0.273103396916102,81.3679978347658,82.6145526756807,81.9912752552233,87.221863375,420,0.20767110327381,0.01,1,0.001,10,10,training FIT stabilized
FL-CMO,3,3006,6,5x5,2,117,1.24886916344264,1.21119736542043,50.6459492014849,49.0899140005343,1.46541673400414,1.06214948284883,27.3089892632583,32.3847887168751,29.8468889900667,35.767599,290,0.123336548275862,0.01,1,0.001,10,10,training FIT stabilized
FL-CMO,3,3007,7,7x7,2,177,0.0327540139919444,0.0333776605567,98.7055943747081,98.5970415574569,0.150006606293312,0.129280752761259,92.5590232623762,91.7701363565621,92.1645798094692,370.501232166667,2410,0.153734951106501,0.01,1,0.001,10,10,training FIT stabilized
FL-CMO,3,3010,10,5x5x5,3,147,0.39140941779398,0.372673901293768,84.5318942493783,84.3354510946808,0.241352985098691,0.272822269336191,88.0278476258317,82.6324489332416,85.3301482795366,73.8196865416667,520,0.141960935657051,0.01,1,0.001,10,10,training FIT stabilized
FL-CMO,4,4003,3,10,1,172,0.714801327383572,0.631546966858932,71.75177187874,73.4542764759654,0.771607716819733,0.564658350752192,61.7249185665859,64.0545005148545,62.8897095407202,39.39155675,260,0.1515059875,0.01,1,0.001,10,10,training FIT stabilized
FL-CMO,4,4004,4,15,1,257,0.424173030771149,0.348539594590495,83.2371092818636,85.3498849639079,0.359501213192178,0.405399222419492,82.1671842953374,74.1927529782456,78.1799686367915,92.8173625416667,450,0.206260805648148,0.01,1,0.001,10,10,training FIT stabilized
FL-CMO,4,4006,6,5x5,2,117,0.0647356348819691,0.0676448047833039,97.4417129464294,97.1566955747632,0.11150983060411,0.0868043201241899,94.4686299087446,94.4741370774452,94.4713834930949,197.585654875,1620,0.121966453626543,0.01,1,0.001,10,10,training FIT stabilized
FL-CMO,4,4007,7,7x7,2,177,0.226645708779839,0.186013390304446,91.0431899899341,92.1813257130358,0.18370033378587,0.134595801768299,90.8876685889312,91.4317864657094,91.1597275273203,73.776855375,480,0.15370178203125,0.01,1,0.001,10,10,training FIT stabilized
FL-CMO,4,4010,10,5x5x5,3,147,0.39347574856812,0.40090578588591,84.4502349395172,83.1487843188544,0.341175667179483,0.45632600535685,83.0762106706031,70.9508127015874,77.0135116860953,53.9028676666667,380,0.141849651754386,0.01,1,0.001,10,10,training FIT stabilized
