settingId,structureId,order,architecture,parameters,gain,regularization,tau,initialization,runSeed,trainingBFR,maxConstraint,maxVelocity,trainingSeconds,iterations,stopReason,stable,errorMessage
1,1,3,8-8,145,10,0.001,0.002,1,330815,10.0125945031268,0.076837069761538,15.4275083281932,34.579608,75,maximum iterations,1,
1,1,3,8-8,145,10,0.001,0.001,1,330815,3.90948797413488,0.111929304853243,15.067436716636,34.468567875,75,maximum iterations,1,
1,1,3,8-8,145,10,0.001,0.0005,1,330815,1.71210762252288,0.0430857941654869,14.9567365877671,34.8473642916667,75,maximum iterations,1,
1,1,3,8-8,145,10,0.001,0.005,1,330815,37.2629076190166,0.0792862874650255,16.5150941242668,34.8302265833333,75,maximum iterations,1,
2,1,3,8-8,145,1,0.001,0.002,1,330815,7.85917260337589,0.140007143458551,15.02445899847,33.085882,75,maximum iterations,1,
2,1,3,8-8,145,1,0.001,0.001,1,330815,3.98017606650001,0.0592797977597742,14.887609584705,33.006299625,75,maximum iterations,1,
2,1,3,8-8,145,1,0.001,0.0005,1,330815,1.70987722427878,0.043197526149087,14.7205419126087,33.068427875,75,maximum iterations,1,
2,1,3,8-8,145,1,0.001,0.005,1,330815,31.8032011324035,0.08457392802928,16.0851693435992,33.1361014166667,75,maximum iterations,1,
3,1,3,8-8,145,10,0.005,0.002,1,330815,9.90146435338225,0.0643590794361842,15.4253020069156,33.0393324583333,75,maximum iterations,1,
3,1,3,8-8,145,10,0.005,0.001,1,330815,3.84812605014064,0.128111077274277,15.0641118931433,33.0273904583333,75,maximum iterations,1,
3,1,3,8-8,145,10,0.005,0.0005,1,330815,1.71379807257246,0.0430857941654869,14.9547838279061,33.0077134583333,75,maximum iterations,1,
3,1,3,8-8,145,10,0.005,0.005,1,330815,37.2628020653651,0.0792814824321761,16.5160148341997,33.0085755416667,75,maximum iterations,1,
4,1,3,8-8,145,1,0.005,0.002,1,330815,7.57923751328408,0.16658620366274,15.0283752374871,36.6359144166667,75,maximum iterations,1,
4,1,3,8-8,145,1,0.005,0.001,1,330815,3.98092260928202,0.0610911784225461,14.8871266088203,36.7110915,75,maximum iterations,1,
4,1,3,8-8,145,1,0.005,0.0005,1,330815,1.70968222318331,0.0431975221358072,14.7140226360384,37.0511017083333,75,maximum iterations,1,
4,1,3,8-8,145,1,0.005,0.005,1,330815,31.8027946756862,0.0845833409746406,16.0876047232257,36.8529201666667,75,maximum iterations,1,
5,2,3,6-6,97,10,0.001,0.002,1,430815,10.6466580942095,0.0421149606804711,19.2903419434863,26.872199,75,maximum iterations,1,
5,2,3,6-6,97,10,0.001,0.001,1,430815,4.25033210579048,0.0421149606804711,17.6368425744096,26.6720965416667,75,maximum iterations,1,
5,2,3,6-6,97,10,0.001,0.0005,1,430815,1.70979963648032,0.0421149606804711,17.3979227547155,26.6313021666667,75,maximum iterations,1,
5,2,3,6-6,97,10,0.001,0.005,1,430815,35.9322070614874,0.0878335181846033,20.2587860690644,26.5957591666667,75,maximum iterations,1,
6,2,3,6-6,97,1,0.001,0.002,1,430815,9.57778406993616,0.0524359246570907,18.9331751303947,25.8865789583333,75,maximum iterations,1,
6,2,3,6-6,97,1,0.001,0.001,1,430815,4.160438725848,0.0422198429937828,17.4734908667492,25.7916497916667,75,maximum iterations,1,
6,2,3,6-6,97,1,0.001,0.0005,1,430815,1.70799062320498,0.0421149606804711,17.1620955769058,25.7993178333333,75,maximum iterations,1,
6,2,3,6-6,97,1,0.001,0.005,1,430815,27.9479057108653,0.106566292675324,21.1442522767211,26.0270105416667,75,maximum iterations,1,
7,2,3,6-6,97,10,0.005,0.002,1,430815,10.6464525068948,0.0421149606804711,19.2893035377835,25.857949375,75,maximum iterations,1,
7,2,3,6-6,97,10,0.005,0.001,1,430815,4.25026323314101,0.0421149606804711,17.6360585955667,26.0511505416667,75,maximum iterations,1,
7,2,3,6-6,97,10,0.005,0.0005,1,430815,1.70976404238592,0.0421149606804711,17.3969986268288,25.9858234583333,75,maximum iterations,1,
7,2,3,6-6,97,10,0.005,0.005,1,430815,35.9370362123897,0.0878431900500173,20.2560352693784,26.013124,75,maximum iterations,1,
8,2,3,6-6,97,1,0.005,0.002,1,430815,9.57587755118181,0.0524352453270494,18.932968593366,26.130855,75,maximum iterations,1,
8,2,3,6-6,97,1,0.005,0.001,1,430815,4.16036072704214,0.0422207634530811,17.4727423933654,25.928568875,75,maximum iterations,1,
8,2,3,6-6,97,1,0.005,0.0005,1,430815,1.70795683684984,0.0421149606804711,17.1615913246029,26.0263281666667,75,maximum iterations,1,
8,2,3,6-6,97,1,0.005,0.005,1,430815,27.9453074259062,0.10655907076324,21.1433543724424,25.8427166666667,75,maximum iterations,1,
