method,run,testRMSE,testFIT,executionTimeSeconds
FLCMO,1,7.45761331867064,86.5816941359047,16.2679065416667
FLCMO,2,4.26343672733752,92.3288999315092,16.2459965416667
FLCMO,3,6.73605062103881,87.8799846966,16.23345975
FLCMO,4,6.81094766603558,87.7452242289893,16.238463
FLCMO,5,5.66633539930913,89.8046977943831,16.2679612083333
FLCMO,6,4.65385738496473,91.6264253493815,16.2416711666667
FLCMO,7,4.73803541895273,91.4749658195261,16.2466823333333
FLCMO,8,5.80316234512995,89.5585083325512,16.2451525
FLCMO,9,5.564784064213,89.9874166907645,16.2499207083333
FLCMO,10,5.98431850691925,89.2325583691804,16.2405345
FLCMO,11,4.17477939189289,92.4884189616945,16.2809426666667
FLCMO,12,6.42002131293944,88.4486086969191,16.3210144583333
FLCMO,13,5.08660564919163,90.8477917137362,16.2681280833333
FLCMO,14,5.79009998649465,89.5820111230534,16.2297825
FLCMO,15,8.97996108484915,83.8425700910894,16.7846094166667
FLCMO,16,9.39857577500027,83.0893666583519,16.6224055416667
FLCMO,17,6.71891173091999,87.910822293021,16.9182844166667
FLCMO,18,7.11029058547134,87.2066236500099,16.8004234583333
FLCMO,19,7.07726539113607,87.266045094898,16.132126
FLCMO,20,5.286110755061,90.4888269326981,16.0783283333333
FLCMO,21,5.8518377584086,89.4709278218,16.5502579583333
FLCMO,22,4.63026928776563,91.668866850361,17.525818625
FLCMO,23,8.33368939239423,85.0053913410134,16.26675075
FLCMO,24,5.17900509966857,90.6815395851806,17.9624014166667
FLCMO,25,8.59799875952489,84.5298257975405,18.4432954166667
NNSYSID_NNOE,1,7.35390015460515,86.7683027596154,0.25991875
NNSYSID_NNOE,2,48.215952716388,13.2461856855056,0.108292708333333
NNSYSID_NNOE,3,11.6575966989167,79.024764162187,0.280415541666667
NNSYSID_NNOE,4,12.4859026853975,77.5344129464924,0.244312666666667
NNSYSID_NNOE,5,34.9851992152513,37.0519650554595,0.173133125
NNSYSID_NNOE,6,26.4003893106404,52.4984088656781,0.193705666666667
NNSYSID_NNOE,7,13.1699788599165,76.3035709932021,0.322983541666667
NNSYSID_NNOE,8,10.3899003777421,81.3056999325791,0.316587708333333
NNSYSID_NNOE,9,6.46152651252683,88.3739293807336,0.33783725
NNSYSID_NNOE,10,25.1031009653231,54.8325888596734,0.209853
NNSYSID_NNOE,11,14.7402523923621,73.4782152596328,0.245286125
NNSYSID_NNOE,12,22.810454997076,58.9576920965234,0.169933125
NNSYSID_NNOE,13,17.7014935849423,68.1501245741155,0.301355
NNSYSID_NNOE,14,20.0104009636307,63.9957625691101,0.190134541666667
NNSYSID_NNOE,15,27.5524967925304,50.4254493383171,0.14346225
NNSYSID_NNOE,16,32.1398654578918,42.1715062558728,0.108960791666667
NNSYSID_NNOE,17,39.4811861168718,28.962443002087,0.123101708333333
NNSYSID_NNOE,18,16.2428458566655,70.7746346592635,0.229155
NNSYSID_NNOE,19,14.8853456920576,73.2171523443338,0.237119666666667
NNSYSID_NNOE,20,15.373566788709,72.3387077637103,0.270796875
NNSYSID_NNOE,21,6.84227860225551,87.6888512223392,0.25905325
NNSYSID_NNOE,22,25.3017429569996,54.4751770594269,0.192901583333333
NNSYSID_NNOE,23,21.9740731135692,60.4625740812176,0.2380395
NNSYSID_NNOE,24,6.33063444115601,88.6094403644476,0.291959125
NNSYSID_NNOE,25,31.4829114131135,43.3535480076784,0.22371575
PyTorch_NNARX,1,10.7676617731014,80.6260028592692,3.613777875
PyTorch_NNARX,2,15.8769851257518,71.4329191507336,4.045682333
PyTorch_NNARX,3,8.46728651710483,84.7650132193102,3.971962959
PyTorch_NNARX,4,28.1584897206824,49.3351007088079,2.398566916
PyTorch_NNARX,5,14.9182633933062,73.1579243091942,3.072237375
PyTorch_NNARX,6,13.5873006003066,75.5526939341474,2.396394584
PyTorch_NNARX,7,13.266072093306,76.1306727291071,3.284535042
PyTorch_NNARX,8,15.5047648619907,72.1026461980526,3.509512417
PyTorch_NNARX,9,20.0990872383166,63.8361914692378,3.755405917
PyTorch_NNARX,10,12.9060600626053,76.7784337937096,5.223985083
PyTorch_NNARX,11,16.9853270438391,69.4387059590064,3.475713583
PyTorch_NNARX,12,14.6647449740396,73.6140739574181,3.751663041
PyTorch_NNARX,13,14.0779254668738,74.6699243076172,3.809964584
PyTorch_NNARX,14,21.6108749244902,61.1160679246362,2.909271792
PyTorch_NNARX,15,11.6647904188158,79.0118206734617,4.530523416
PyTorch_NNARX,16,20.9084715798648,62.3798855182021,3.66632054200001
PyTorch_NNARX,17,12.8264710862566,76.9216363415521,4.43505970800001
PyTorch_NNARX,18,22.2266966358143,60.0080345998714,3.288146541
PyTorch_NNARX,19,11.7768547113229,78.8101860634265,3.74551416599999
PyTorch_NNARX,20,10.1120943810218,81.80554963993,3.306346417
PyTorch_NNARX,21,7.16909512090547,87.10081805123,3.16559016699999
PyTorch_NNARX,22,8.65196517329609,84.4327253157339,2.964193666
PyTorch_NNARX,23,22.3043694839174,59.8682796959031,2.721813916
PyTorch_NNARX,24,9.18856033204944,83.4672424383475,2.23967866700001
PyTorch_NNARX,25,13.7880181096708,75.1915477044031,3.53885016700001
PyTorch_NNOE_Batched,1,11.2009349637487,79.8464247360293,22.474561833
PyTorch_NNOE_Batched,2,11.7474846814869,78.8630308579656,21.818778334
PyTorch_NNOE_Batched,3,11.5652909971129,79.1908476109898,26.62462325
PyTorch_NNOE_Batched,4,11.5813238322674,79.1620001128992,28.54273675
PyTorch_NNOE_Batched,5,11.9506921328083,78.4974045350149,20.3542015
PyTorch_NNOE_Batched,6,11.536256668631,79.2430883860852,27.414925041
PyTorch_NNOE_Batched,7,11.5645870784666,79.1921141550297,33.358125292
PyTorch_NNOE_Batched,8,11.1160575469028,79.9991426487884,30.422118
PyTorch_NNOE_Batched,9,11.436456620163,79.4226562341852,32.883576542
PyTorch_NNOE_Batched,10,12.5346981832725,77.4466163703897,23.124475167
PyTorch_NNOE_Batched,11,11.6983005257532,78.9515267368884,23.084750292
PyTorch_NNOE_Batched,12,11.4016436887989,79.4852943116919,18.214828916
PyTorch_NNOE_Batched,13,11.2192383257608,79.8134919330902,27.060173584
PyTorch_NNOE_Batched,14,11.8197257900894,78.7330491533949,18.1680030829999
PyTorch_NNOE_Batched,15,11.1393490210581,79.9572348545805,20.958624833
PyTorch_NNOE_Batched,16,11.2030625022977,79.8425967066359,17.9669597090001
PyTorch_NNOE_Batched,17,11.0361036817348,80.143001732385,17.662234042
PyTorch_NNOE_Batched,18,11.7108434704991,78.9289585154152,16.914617708
PyTorch_NNOE_Batched,19,11.8829201572889,78.6193450349677,19.6843297500001
PyTorch_NNOE_Batched,20,11.7441726206132,78.8689901701404,15.390931042
PyTorch_NNOE_Batched,21,11.3271139826965,79.6193938351866,16.189967041
PyTorch_NNOE_Batched,22,11.5887905218836,79.1485654762694,18.165605583
PyTorch_NNOE_Batched,23,11.7518288494768,78.855214500061,19.388115833
PyTorch_NNOE_Batched,24,11.2478840924739,79.7619502879226,18.887343042
PyTorch_NNOE_Batched,25,12.005952087312,78.3979766162048,18.127984958
PyTorch_NNOE,1,48.7683353918065,12.2522967057385,60.050685417
PyTorch_NNOE,2,48.7308723321156,12.3197030959677,60.024837084
PyTorch_NNOE,3,48.6466812468748,12.471186108631,59.953946042
PyTorch_NNOE,4,48.6913602680638,12.3907962108978,60.008075709
PyTorch_NNOE,5,48.7544502758434,12.277279863887,60.004250458
PyTorch_NNOE,6,48.669866007725,12.4294703211291,60.052066791
PyTorch_NNOE,7,48.7376431063441,12.3075206033051,60.008431208
PyTorch_NNOE,8,48.8016733596254,12.1923124949774,60.013290291
PyTorch_NNOE,9,48.7585797464033,12.26984980595,60.0512600420001
PyTorch_NNOE,10,48.690110764981,12.3930444120082,60.035094125
PyTorch_NNOE,11,48.7744555499729,12.2412848510466,60.0335838340001
PyTorch_NNOE,12,48.7984448371553,12.198121498494,60.0133939159999
PyTorch_NNOE,13,48.6823972888498,12.4069230857315,60.031665708
PyTorch_NNOE,14,48.6928644614372,12.3880897516192,60.003879792
PyTorch_NNOE,15,48.8146913929939,12.168889457871,60.0400653329999
PyTorch_NNOE,16,48.7128261743186,12.3521731174939,60.0418589999999
PyTorch_NNOE,17,48.6744837472221,12.4211617325331,59.8664565839999
PyTorch_NNOE,18,48.7028156449032,12.3701848244326,59.8499642919999
PyTorch_NNOE,19,48.6794857941085,12.412161668813,59.9087817500001
PyTorch_NNOE,20,48.6336928027893,12.4945559064458,59.484906917
PyTorch_NNOE,21,48.6334419618728,12.4950072385272,59.453876625
PyTorch_NNOE,22,48.6298561307899,12.5014591389129,59.5370928340001
PyTorch_NNOE,23,48.7253730124458,12.3295978907527,60.0211770000001
PyTorch_NNOE,24,48.7278368071711,12.3251648436372,60.018882417
PyTorch_NNOE,25,48.7334913063802,12.3149908380065,60.0047689169999
