paperRow,hidden,stepSize,trainingFit,selectionSeconds,iterations,regularization,stopReason
3,10,0.002,48.0667000764658,38.6789139166667,250,0.001,maximum iterations
3,10,0.005,67.051947972006,38.52715,250,0.001,maximum iterations
3,10,0.01,75.0754600714963,38.6740531666667,250,0.001,maximum iterations
4,15,0.002,50.0650245310974,52.7923454583333,250,0.001,maximum iterations
4,15,0.005,48.0872373188913,52.8048256666667,250,0.001,maximum iterations
4,15,0.01,58.0193286373114,52.9792777916667,250,0.001,maximum iterations
6,5x5,0.002,54.4992524757244,31.2809565,250,0.001,maximum iterations
6,5x5,0.005,66.2912191004246,31.340622875,250,0.001,maximum iterations
6,5x5,0.01,77.6303700385037,31.3785617083333,250,0.001,maximum iterations
7,7x7,0.002,55.9989769137584,39.4519904166667,250,0.001,maximum iterations
7,7x7,0.005,69.9941186101417,39.4800144583333,250,0.001,maximum iterations
7,7x7,0.01,77.502661123703,39.4247606666667,250,0.001,maximum iterations
10,5x5x5,0.002,47.2280334796348,36.431483375,250,0.001,maximum iterations
10,5x5x5,0.005,55.6207537413704,36.4327690833333,250,0.001,maximum iterations
10,5x5x5,0.01,31.642956377532,36.4297193333333,250,0.001,maximum iterations
