horizon,batch_size,windows,paper_row,hidden,layers,parameters,epochs,training_rmse1,training_rmse2,training_bfr1,training_bfr2,test_rmse1,test_rmse2,test_bfr1,test_bfr2,mean_test_bfr,training_seconds,seconds_per_epoch,learning_rate,regularization,stop_reason
64,64,860,3,10,1,172,560,0.537507,0.4166539,78.75826,82.48685,0.8995569,0.76244384,55.37809,51.463707,53.4209,7.5956519590000005,0.013563664212500002,0.003,0.001,training FIT stabilized
64,64,860,4,15,1,257,790,0.46312988,0.23752363,81.69757,90.016205,0.48175946,1.7589043,76.102646,-11.969816,32.066414,10.504881542,0.013297318407594936,0.003,0.001,training FIT stabilized
64,64,860,6,5x5,2,117,560,0.5141062,0.31358814,79.683044,86.81899,0.45518723,0.3935831,77.420746,74.944954,76.182846,8.941721333,0.015967359523214285,0.003,0.001,training FIT stabilized
64,64,860,7,7x7,2,177,690,0.48554164,0.29641145,80.81188,87.54098,0.45547786,0.5409509,77.40633,65.56369,71.48501,11.084085625,0.01606389221014493,0.003,0.001,training FIT stabilized
64,64,860,10,5x5x5,3,147,840,0.5076216,0.26907408,79.93931,88.69005,0.45865464,0.33167577,77.24875,78.8859,78.06732,14.611105291999998,0.017394172966666663,0.003,0.001,training FIT stabilized
521,64,373,3,10,1,172,1380,0.51943016,0.33470267,79.47264,85.93149,0.5809234,0.64797276,71.18369,58.750797,64.96725,54.90638675,0.03978723677536232,0.003,0.001,training FIT stabilized
521,64,373,4,15,1,257,1070,0.47098446,0.27399424,81.38717,88.48324,0.46055096,0.5085914,77.15468,67.62366,72.38917,49.486014208,0.046248611409345795,0.003,0.001,training FIT stabilized
521,64,373,6,5x5,2,117,1500,0.49936563,0.28685564,80.26558,87.942635,0.42696223,0.4817897,78.82082,69.32982,74.07532,71.482531083,0.047655020722,0.003,0.001,training FIT stabilized
521,64,373,7,7x7,2,177,1310,0.47766533,0.26406142,81.123146,88.90074,0.43923345,0.37321305,78.21213,76.241684,77.226906,69.031493541,0.05269579659618321,0.003,0.001,training FIT stabilized
521,64,373,10,5x5x5,3,147,2210,0.46197692,0.24128893,81.74314,89.85793,0.55491936,0.57692397,72.473595,63.273685,67.87364,118.340188458,0.05354759658733032,0.001,0.001,training FIT stabilized
