model,horizon,batch_size,windows,paper_row,hidden,layers,parameters,epochs,training_rmse1,training_rmse2,training_bfr1,training_bfr2,test_rmse1,test_rmse2,test_bfr1,test_bfr2,mean_test_bfr,training_seconds,seconds_per_epoch,learning_rate,regularization,stop_reason
LSTM,512,64,374,3,4,1,122,2940,0.40934208,0.22182633,83.82322,90.676,0.5365513,0.60972685,73.384735,61.18549,67.28511,1038.990886875,0.3533982608418367,0.003,0.001,training FIT stabilized
LSTM,512,64,374,4,5,1,172,1540,0.35203794,0.12471685,86.087814,94.7578,0.4369872,0.38604096,78.32354,75.42508,76.87431,621.4992146249999,0.4035709185876623,0.003,0.001,training FIT stabilized
LSTM,512,64,374,6,2x2,2,86,1830,0.45714092,0.2860496,81.93425,87.97652,0.31793237,0.36882317,84.22918,76.52115,80.37517,846.950857625,0.4628146762978142,0.003,0.001,training FIT stabilized
LSTM,512,64,374,7,3x3,2,164,1950,0.3652012,0.15953775,85.56762,93.294174,0.41298848,0.37654716,79.513985,76.02944,77.77171,919.5649119160003,0.47157174970051297,0.003,0.001,training FIT stabilized
LSTM,512,64,374,10,2x2x2,3,126,2100,0.46574768,0.24487782,81.594124,89.70709,0.3763519,0.41357616,81.33132,73.672226,77.50177,1386.7895553330004,0.6603759787300002,0.003,0.001,training FIT stabilized
GRU,512,64,374,3,5,1,147,1560,0.36186266,0.14392449,85.699554,93.95045,0.2365296,0.3599547,88.26711,77.0857,82.67641,714.5753979589999,0.4580611525378205,0.003,0.001,training FIT stabilized
GRU,512,64,374,4,7,1,247,1040,0.3303035,0.08760904,86.94674,96.31754,0.25358638,0.29775992,87.42102,81.044945,84.23299,540.4896555830001,0.5197015919067308,0.003,0.001,training FIT stabilized
GRU,512,64,374,6,3x3,2,143,1450,0.42972958,0.2519337,83.017525,89.41051,0.3081454,0.27993923,84.71466,82.17939,83.44702,909.3208081250004,0.6271177987068969,0.003,0.001,training FIT stabilized
GRU,512,64,374,7,4x4,2,226,1070,0.33484945,0.11156921,86.76709,95.310425,0.19182841,0.16871923,90.48448,89.25953,89.87201,760.9394044170003,0.711158321885047,0.003,0.001,training FIT stabilized
GRU,512,64,374,10,2x2x2,3,114,2320,0.414114,0.2124024,83.634636,91.07212,0.2778684,0.2734365,86.21653,82.593346,84.40494,2070.01793325,0.8922491091594829,0.003,0.001,training FIT stabilized
